Nombre;Ritmo;Tiro;Pase;Regate;Defensa;Fisico;URL;Precio;RangoMaximo;Quimica
Kika Nazareth;85;82;82;84;60;80;https://www.futbin.com/27/player/506/francisca-ramos-nazareth-sousa;78500;100000.0;Cazador
Rashford;92;83;78;81;33;68;https://www.futbin.com/27/player/810/marcus-rashford;65000;150000.0;Cazador
Adeyemi;95;80;72;82;36;69;https://www.futbin.com/27/player/846/karim-adeyemi;47000;100000.0;Cazador
Álvaro Carreras;88;69;80;82;78;83;https://www.futbin.com/27/player/22778/alvaro-fernandez-carreras;380000;500000.0;Cazador
Barcola;92;76;78;84;39;67;https://www.futbin.com/27/player/21977/bradley-barcola;92000;150000.0;Cazador
Vicky López;85;80;81;86;47;60;https://www.futbin.com/27/player/514/victoria-lopez-serrano-felix;32750;50000.0;Cazador
Mariona;79;85;86;90;78;82;https://www.futbin.com/27/player/17/maria-francesca-caldentey-oliver;136000;300000.0;Cazador
Messi;76;87;89;90;33;63;https://www.futbin.com/27/player/22/lionel-messi;75500;300000.0;Cazador
Pedri;76;75;89;91;77;75;https://www.futbin.com/27/player/69/pedro-gonzalez-lopez;239000;1200000.0;Cazador
Alvarez;86;86;82;87;58;77;https://www.futbin.com/27/player/548/julian-alvarez;115000;180000.0;Cazador
Salma Paralluelo;93;84;79;85;46;78;https://www.futbin.com/27/player/621/salma-celeste-paralluelo-ayingono;207000;300000.0;Cazador
Szoboszlai;82;83;86;84;74;77;https://www.futbin.com/27/player/233/dominik-szoboszlai;43750;100000.0;Cazador
Konaté;77;34;65;68;84;85;https://www.futbin.com/27/player/562/ibrahima-konate;4300;25000.0;Cazador
Pajor;93;91;65;89;22;72;https://www.futbin.com/27/player/18/ewa-pajor;239000;250000.0;Cazador
Eric García;79;58;77;76;86;82;https://www.futbin.com/27/player/554/eric-garcia-martret;50000;50000.0;Cazador
Cherki;74;79;85;91;41;67;https://www.futbin.com/27/player/256/rayan-cherki;69500;100000.0;Cazador
Doku;91;75;78;88;40;72;https://www.futbin.com/27/player/436/jeremy-doku;79000;150000.0;Cazador
Diomande;93;77;75;87;47;70;https://www.futbin.com/27/player/614/yan-diomande;62000;200000.0;Cazador
Wirtz;77;79;86;88;54;61;https://www.futbin.com/27/player/257/florian-wirtz;20000;600000.0;Cazador
Salah;84;83;83;86;45;72;https://www.futbin.com/27/player/738/mohamed-salah;24500;1100000.0;Cazador
Lavelle;85;79;84;87;60;65;https://www.futbin.com/27/player/54/rose-lavelle;14000;20000.0;Cazador
Wilson;91;87;79;88;45;78;https://www.futbin.com/27/player/38/sophia-wilson;329000;800000.0;Cazador
Karchaoui;89;76;87;88;79;72;https://www.futbin.com/27/player/59/sakina-karchaoui;94500;130000.0;Cazador
Mbeumo;89;83;78;86;49;75;https://www.futbin.com/27/player/760/bryan-mbeumo;33500;60000.0;Cazador
Stanway;82;79;80;86;78;78;https://www.futbin.com/27/player/115/georgia-stanway;41500;50000.0;Cazador
Rodman;91;82;81;83;55;82;https://www.futbin.com/27/player/695/trinity-rodman;24750;60000.0;Cazador
Nico Williams;93;77;79;86;37;67;https://www.futbin.com/27/player/557/nicholas-williams-arthuer;62500;160000.0;Cazador
Vitinha;72;81;88;91;75;70;https://www.futbin.com/27/player/44/vitor-machado-ferreira;136000;170000.0;Cazador
Lacroix;86;46;63;69;84;83;https://www.futbin.com/27/player/21755/maxence-lacroix;513;;Cazador
João Neves;72;75;84;87;86;82;https://www.futbin.com/27/player/97/joao-pedro-goncalves-neves;49000;60000.0;Cazador
Gordon;91;78;77;82;50;71;https://www.futbin.com/27/player/843/anthony-gordon;1500;10000.0;Cazador
Lookman;86;83;73;84;32;68;https://www.futbin.com/27/player/778/ademola-lookman;11750;25000.0;Cazador
Musiala;79;81;79;90;62;65;https://www.futbin.com/27/player/346/jamal-musiala;26000;300000.0;Cazador
Ekitiké;86;83;72;84;33;73;https://www.futbin.com/27/player/299/hugo-ekitike;34750;100000.0;Cazador
Rodrygo;87;77;79;87;33;63;https://www.futbin.com/27/player/559/rodrygo-silva-de-goes;29000;110000.0;Cazador
Balde;90;52;75;79;77;69;https://www.futbin.com/27/player/848/alejandro-balde-martinez;4300;10000.0;Cazador
Frimpong;94;62;74;82;72;62;https://www.futbin.com/27/player/266/jeremie-frimpong;4100;70000.0;Cazador
Rice;72;75;86;81;85;84;https://www.futbin.com/27/player/91/declan-rice;10000;30000.0;Cazador
Diani;91;84;81;88;56;73;https://www.futbin.com/27/player/52/kadidiatou-diani;86000;300000.0;Cazador
Álvaro Carreras;86;66;77;80;75;81;https://www.futbin.com/27/player/684/alvaro-fernandez-carreras;0;20000.0;Cazador
Marcos Llorente;91;79;80;82;79;83;https://www.futbin.com/27/player/715/marcos-llorente-moreno;95000;140000.0;Cazador
van de Ven;90;60;65;72;80;81;https://www.futbin.com/27/player/929/micky-van-de-ven;42000;100000.0;Cazador
Debinha;85;79;85;89;46;57;https://www.futbin.com/27/player/50/debora-c-de-oliveira;32000;90000.0;Cazador
Khusanov;88;39;64;68;83;80;https://www.futbin.com/27/player/594/abdukodir-khusanov;38500;50000.0;Cazador
Tchouaméni;74;70;79;77;83;82;https://www.futbin.com/27/player/558/aurelien-tchouameni;53000;75000.0;Cazador
Upamecano;80;45;65;75;86;83;https://www.futbin.com/27/player/320/dayot-upamecano;52500;700000.0;Cazador
Bouaddi;78;60;77;83;78;80;https://www.futbin.com/27/player/22923/ayyoub-bouaddi;513;;Cazador
Patri Guijarro;78;82;83;88;84;88;https://www.futbin.com/27/player/23/patricia-guijarro-gutierrez;280000;300000.0;Cazador
James;90;81;78;87;40;82;https://www.futbin.com/27/player/144/lauren-james;81000;100000.0;Cazador
Bruno Fernandes;67;85;92;85;68;75;https://www.futbin.com/27/player/53/bruno-miguel-borges-fernandes;29000;100000.0;Cazador
Olise;83;82;89;91;47;69;https://www.futbin.com/27/player/62/michael-olise;395000;500000.0;Cazador
Marmoush;87;83;76;83;34;69;https://www.futbin.com/27/player/21987/omar-marmoush;3100;60000.0;Cazador
Chawinga;91;83;81;86;46;84;https://www.futbin.com/27/player/20/temwa-chawinga;38000;350000.0;Cazador
Éder Militão;79;54;71;72;85;82;https://www.futbin.com/27/player/680/eder-gabriel-militao;13000;50000.0;Cazador
Saliba;77;41;68;73;90;82;https://www.futbin.com/27/player/92/william-saliba;123000;300000.0;Cazador
Camavinga;79;67;80;82;78;80;https://www.futbin.com/27/player/677/eduardo-camavinga;3800;40000.0;Cazador
Valverde;90;84;83;81;81;85;https://www.futbin.com/27/player/547/federico-valverde;449000;1000000.0;Cazador
Joan García;85;85;80;88;46;84;https://www.futbin.com/27/player/551/joan-garcia-pons;38500;100000.0;Básico
Bellingham;79;86;83;88;79;85;https://www.futbin.com/27/player/90/jude-bellingham;255000;300000.0;Cazador
Gravenberch;79;76;81;83;80;80;https://www.futbin.com/27/player/298/ryan-gravenberch;31000;200000.0;Cazador
de Jong;77;70;85;84;77;77;https://www.futbin.com/27/player/552/frenkie-de-jong;130000;400000.0;Cazador
Geyoro;89;72;80;82;82;78;https://www.futbin.com/27/player/750/grace-geyoro;39500;160000.0;Cazador
Brugts;88;75;80;82;82;76;https://www.futbin.com/27/player/22770/esmee-brugts;97000;100000.0;Cazador
Koundé;82;53;74;78;83;83;https://www.futbin.com/27/player/746/jules-kounde;39000;300000.0;Cazador
Matheus Nunes;87;70;80;79;78;75;https://www.futbin.com/27/player/719/matheus-luiz-nunes;2000;10000.0;Cazador
Anyomi;90;82;74;84;55;83;https://www.futbin.com/27/player/21744/nicole-anyomi;104000;;Cazador
Athenea;90;78;77;85;25;75;https://www.futbin.com/27/player/516/athenea-del-castillo;13000;25000.0;Cazador
Chawinga;94;83;76;86;36;81;https://www.futbin.com/27/player/622/tabitha-chawinga;71500;200000.0;Cazador
Adeyemi;95;82;75;83;38;70;https://www.futbin.com/27/player/21758/karim-adeyemi;513;;Cazador
Raphinha;91;86;85;87;54;76;https://www.futbin.com/27/player/546/raphael-dias-belloli;770000;800000.0;Cazador
Hasegawa;77;71;86;88;81;68;https://www.futbin.com/27/player/24/yui-hasegawa;9900;30000.0;Cazador
Marquinhos;74;56;75;73;89;78;https://www.futbin.com/27/player/651/marcos-aoas-correa;21500;50000.0;Cazador
Semenyo;82;85;79;84;46;80;https://www.futbin.com/27/player/223/antoine-semenyo;12250;30000.0;Cazador
Russo;84;88;73;86;39;78;https://www.futbin.com/27/player/30/alessia-russo;28500;40000.0;Cazador
Aitana Bonmatí;80;85;86;88;75;72;https://www.futbin.com/27/player/6/aitana-bonmati-conca;327000;1300000.0;Cazador
Fermín;81;84;80;84;63;72;https://www.futbin.com/27/player/556/fermin-lopez-marin;18000;25000.0;Cazador
Rafael Leão;93;79;79;83;30;73;https://www.futbin.com/27/player/21981/rafael-da-conceicao-leao;38000;120000.0;Cazador
Álvaro Carreras;88;69;80;82;78;83;https://www.futbin.com/27/player/22780/alvaro-fernandez-carreras;0;350000.0;Cazador
Barella;77;78;84;86;81;72;https://www.futbin.com/27/player/456/nicolo-barella;6800;60000.0;Cazador
Ona Batlle;88;62;80;82;82;72;https://www.futbin.com/27/player/61/ona-batlle-pascual;11750;35000.0;Cazador
Haaland;87;92;71;80;47;89;https://www.futbin.com/27/player/1/erling-haaland;180000;1000000.0;Cazador
Rodri;62;78;86;81;85;81;https://www.futbin.com/27/player/13/rodrigo-hernandez-cascante;30000;60000.0;Cazador
Caicedo;69;68;77;81;84;82;https://www.futbin.com/27/player/251/moises-caicedo;26000;30000.0;Cazador
Alexia Putellas;80;90;91;92;72;75;https://www.futbin.com/27/player/5/alexia-putellas-segura;1329000;2000000.0;Cazador
Laimer;86;69;78;77;81;77;https://www.futbin.com/27/player/312/konrad-laimer;10500;30000.0;Cazador
Pau Cubarsí;78;44;69;77;85;81;https://www.futbin.com/27/player/549/pau-cubarsi-paredes;16250;50000.0;Cazador
Isak;81;87;72;82;39;72;https://www.futbin.com/27/player/238/alexander-isak;23000;60000.0;Cazador
Doué;83;81;79;90;55;80;https://www.futbin.com/27/player/653/desire-doue;49750;80000.0;Cazador
Ferran Torres;88;84;78;82;40;74;https://www.futbin.com/27/player/654/ferran-torres-garcia;13500;200000.0;Cazador
Lacroix;86;45;61;67;83;82;https://www.futbin.com/27/player/422/maxence-lacroix;16000;30000.0;Cazador
Savinho;90;76;79;87;37;56;https://www.futbin.com/27/player/21752/savio-moreira-de-oliveira;513;;Cazador
Kvaratskhelia;86;85;84;90;59;81;https://www.futbin.com/27/player/49/khvicha-kvaratskhelia;229000;350000.0;Cazador
van Dijk;70;60;72;70;89;85;https://www.futbin.com/27/player/96/virgil-van-dijk;59000;400000.0;Cazador
Pacho;80;34;63;65;90;86;https://www.futbin.com/27/player/25/willian-pacho;213000;350000.0;Cazador
O'Reilly;83;70;78;79;81;81;https://www.futbin.com/27/player/435/nico-oreilly;4000;10000.0;Cazador
Pato;90;85;71;86;33;73;https://www.futbin.com/27/player/20948/alexandre-pato;21000;;Cazador
Caicedo;93;75;78;89;37;68;https://www.futbin.com/27/player/517/linda-caicedo;36500;50000.0;Cazador
Zaïre-Emery;79;71;78;81;79;85;https://www.futbin.com/27/player/774/warren-zaire-emery;3400;10000.0;Cazador
Gabriel Martinelli;90;80;77;84;48;72;https://www.futbin.com/27/player/22782/gabriel-teodoro-martinelli-silva;18500;280000.0;Cazador
Pedro Neto;91;76;77;82;40;70;https://www.futbin.com/27/player/423/pedro-lomba-neto;3100;10000.0;Cazador
Nmecha;84;80;80;85;83;89;https://www.futbin.com/27/player/22764/felix-nmecha;264000;430000.0;Cazador
Claudia Pina;91;89;84;88;45;73;https://www.futbin.com/27/player/19/claudia-pina-medina;1800000;3000000.0;Cazador
Hincapié;83;48;71;72;84;81;https://www.futbin.com/27/player/763/piero-hincapie;6700;200000.0;Cazador
Mbappé;96;91;80;92;29;76;https://www.futbin.com/27/player/8/kylian-mbappe;4790000;6900000.0;Cazador
Banda;92;84;64;80;33;82;https://www.futbin.com/27/player/48/barbra-banda;11750;30000.0;Cazador
Kelly;89;85;85;84;43;69;https://www.futbin.com/27/player/117/chloe-kelly;31000;50000.0;Cazador
Safonov;83;78;81;87;52;85;https://www.futbin.com/27/player/22773/matvey-safonov;34500;100000.0;Básico
Rabiot;81;79;81;81;78;85;https://www.futbin.com/27/player/465/adrien-rabiot;4500;35000.0;Cazador
Hernández;89;78;78;82;76;83;https://www.futbin.com/27/player/579/theo-hernandez;22750;90000.0;Cazador
Thuram;87;84;77;83;51;83;https://www.futbin.com/27/player/22769/marcus-thuram;75000;250000.0;Cazador
Vini Jr.;93;85;80;91;31;71;https://www.futbin.com/27/player/80/vinicius-jose-de-oliveira-junior;1370000;2200000.0;Cazador
Malen;86;83;73;85;38;68;https://www.futbin.com/27/player/478/donyell-malen;3300;10000.0;Cazador
Palmer;75;83;85;85;50;64;https://www.futbin.com/27/player/103/cole-palmer;6700;110000.0;Cazador
David Luiz;79;69;78;75;84;83;https://www.futbin.com/27/player/20945/david-luiz;21000;;Cazador
Dybala;77;84;85;86;42;62;https://www.futbin.com/27/player/466/paulo-dybala;12750;40000.0;Cazador
Ibañez;87;48;58;69;83;86;https://www.futbin.com/27/player/572/roger-ibanez-da-silva;17250;30000.0;Cazador
Pulisic;87;83;81;84;47;60;https://www.futbin.com/27/player/475/christian-pulisic;13000;40000.0;Cazador
Bremer;85;52;59;68;87;85;https://www.futbin.com/27/player/459/gleison-bremer-silva-nascimento;34750;60000.0;Cazador
Mamardashvili;82;81;75;83;47;82;https://www.futbin.com/27/player/280/giorgi-mamardashvili;2600;30000.0;Básico
Valencia;90;75;81;83;79;87;https://www.futbin.com/27/player/20960/antonio-valencia;21000;;Cazador
Donnarumma;90;83;72;90;46;88;https://www.futbin.com/27/player/67/gianluigi-donnarumma;58000;600000.0;Básico
Barcola;92;76;78;84;39;67;https://www.futbin.com/27/player/745/bradley-barcola;0;10000.0;Cazador
Dani Olmo;74;79;82;85;51;59;https://www.futbin.com/27/player/764/daniel-olmo-carvajal;950;10000.0;Cazador
Schlotterbeck;81;60;76;74;86;84;https://www.futbin.com/27/player/739/nico-schlotterbeck;23750;50000.0;Cazador
Bacha;88;73;85;82;79;81;https://www.futbin.com/27/player/623/selma-bacha;29500;50000.0;Cazador
Anderson;68;71;83;82;81;78;https://www.futbin.com/27/player/21745/elliot-anderson;104000;;Cazador
Beerensteyn;90;82;73;86;50;76;https://www.futbin.com/27/player/511/lineth-beerensteyn;13500;25000.0;Cazador
Díaz;82;82;83;87;44;74;https://www.futbin.com/27/player/74/luis-diaz;13250;50000.0;Cazador
Gabriel;64;44;64;66;91;84;https://www.futbin.com/27/player/78/gabriel-dos-s-magalhaes;18250;100000.0;Cazador
Rodrigo Mora;83;72;81;84;46;50;https://www.futbin.com/27/player/22926/rodrigo-mora-de-carvalho;513;;Cazador
Spence;90;57;75;82;80;78;https://www.futbin.com/27/player/21749/djed-spence;513;;Cazador
Kane;62;94;83;82;49;83;https://www.futbin.com/27/player/55/harry-kane;27500;40000.0;Cazador
Tonali;79;74;82;80;81;84;https://www.futbin.com/27/player/237/sandro-tonali;16000;50000.0;Cazador
Graham Hansen;88;87;88;90;47;76;https://www.futbin.com/27/player/12/caroline-graham-hansen;598000;1500000.0;Cazador
Xavi Espart;77;46;64;66;64;56;https://www.futbin.com/27/player/15494/xavi-espart-font;9300;10000.0;Cazador
Remy;91;84;70;78;37;72;https://www.futbin.com/27/player/20950/loic-remy;830;;Cazador
Kimmich;71;73;90;84;81;79;https://www.futbin.com/27/player/85/joshua-kimmich;11000;30000.0;Cazador
Endrick;87;81;66;80;30;73;https://www.futbin.com/27/player/616/endrick-felipe-moreira-de-sousa;1000;10000.0;Cazador
Diomande;93;77;75;87;47;70;https://www.futbin.com/27/player/21747/yan-diomande;104000;;Cazador
Courtois;87;89;78;90;46;90;https://www.futbin.com/27/player/98/thibaut-courtois;94500;110000.0;Básico
Marmoush;87;83;76;83;34;69;https://www.futbin.com/27/player/818/omar-marmoush;0;10000.0;Cazador
Dembélé;90;89;83;93;55;70;https://www.futbin.com/27/player/31/ousmane-dembele;2430000;4100000.0;Cazador
Hakimi;92;79;81;82;82;81;https://www.futbin.com/27/player/102/achraf-hakimi;222000;500000.0;Cazador
Brugts;88;75;80;82;82;76;https://www.futbin.com/27/player/22771/esmee-brugts;144000;190000.0;Cazador
Diaby;94;69;76;85;44;59;https://www.futbin.com/27/player/21983/moussa-diaby;850;10000.0;Cazador
Dumornay;92;85;79;90;60;73;https://www.futbin.com/27/player/43/melchie-dumornay;1228000;1250000.0;Cazador
Walcott;96;79;74;85;39;65;https://www.futbin.com/27/player/20959/theo-walcott;21000;;Cazador
João Cancelo;84;72;84;85;77;72;https://www.futbin.com/27/player/787/joao-pedro-cavaco-cancelo;950;10000.0;Cazador
Osimhen;89;84;65;78;51;86;https://www.futbin.com/27/player/747/victor-osimhen;3200;20000.0;Cazador
Bühl;84;85;85;86;37;74;https://www.futbin.com/27/player/29/klara-buhl;10500;30000.0;Cazador
Oblak;85;90;79;87;46;86;https://www.futbin.com/27/player/89/jan-oblak;20000;50000.0;Básico
Nmecha;84;80;80;85;83;89;https://www.futbin.com/27/player/22765/felix-nmecha;489000;750000.0;Cazador
Gvardiol;78;70;76;77;85;82;https://www.futbin.com/27/player/438/josko-gvardiol;13000;30000.0;Cazador
Mika Mármol;86;64;70;75;83;85;https://www.futbin.com/27/player/21753/mika-marmol-medina;513;;Cazador
Donovan;89;86;81;85;46;70;https://www.futbin.com/27/player/21719/donovan;152000;300000.0;Cazador
Hemp;92;77;83;87;63;69;https://www.futbin.com/27/player/66/lauren-hemp;8500;20000.0;Cazador
Balotelli;85;87;71;84;34;81;https://www.futbin.com/27/player/20957/mario-balotelli;21000;;Cazador
Martínez;83;81;82;85;50;85;https://www.futbin.com/27/player/21976/emiliano-martinez;31250;50000.0;Básico
Moleiro;86;76;77;84;51;68;https://www.futbin.com/27/player/849/alberto-moleiro-gonzalez;1300;10000.0;Cazador
Yıldız;85;81;79;85;59;70;https://www.futbin.com/27/player/469/kenan-yldz;2400;20000.0;Cazador
Saka;79;82;85;87;60;73;https://www.futbin.com/27/player/228/bukayo-saka;6700;30000.0;Cazador
Mastantuono;80;78;79;83;53;70;https://www.futbin.com/27/player/22785/franco-mastantuono;11000;80000.0;Cazador
De Paul;75;77;83;83;75;83;https://www.futbin.com/27/player/725/rodrigo-de-paul;1000;10000.0;Cazador
Nuno Mendes;94;77;80;86;84;80;https://www.futbin.com/27/player/39/nuno-alexandre-tavares-mendes;486000;1000000.0;Cazador
Rogers;76;82;82;84;67;78;https://www.futbin.com/27/player/406/morgan-rogers;1100;10000.0;Cazador
Diomande;80;26;52;70;80;88;https://www.futbin.com/27/player/411/ousmane-diomande;1900;10000.0;Cazador
Timber;76;48;76;78;83;78;https://www.futbin.com/27/player/762/jurrien-timber;900;10000.0;Cazador
McTominay;80;83;77;82;80;86;https://www.futbin.com/27/player/457/scott-mctominay;4200;35000.0;Cazador
Rüdiger;75;54;71;69;83;85;https://www.futbin.com/27/player/683/antonio-rudiger;1200;10000.0;Cazador
Doumbia;93;84;68;83;43;75;https://www.futbin.com/27/player/20954/seydou-doumbia;830;;Cazador
Thompson;93;81;78;83;47;67;https://www.futbin.com/27/player/118/alyssa-thompson;5300;35000.0;Cazador
Hulk;89;86;81;86;46;87;https://www.futbin.com/27/player/20965/hulk;21000;;Cazador
Martínez;80;88;76;85;51;74;https://www.futbin.com/27/player/454/lautaro-martinez;7200;30000.0;Cazador
Openda;94;79;69;78;30;75;https://www.futbin.com/27/player/1058/lois-openda;3400;600000.0;Cazador
Kluivert;84;86;76;81;40;80;https://www.futbin.com/27/player/21651/kluivert;137000;600000.0;Cazador
Lamine Yamal;86;84;87;93;38;61;https://www.futbin.com/27/player/81/lamine-yamal-nasraoui-ebana;1375000;1500000.0;Cazador
Milito;83;89;75;84;43;80;https://www.futbin.com/27/player/21611/milito;137000;400000.0;Cazador
Kerolin Nicoli;85;78;81;84;43;77;https://www.futbin.com/27/player/519/kerolin-nicoli-israel-ferraz;3100;35000.0;Cazador
Tomori;85;40;63;68;80;80;https://www.futbin.com/27/player/1078/fikayo-tomori;1300;10000.0;Cazador
Davies;93;66;78;84;74;76;https://www.futbin.com/27/player/827/alphonso-davies;3900;30000.0;Cazador
Spence;89;54;71;79;76;75;https://www.futbin.com/27/player/1046/djed-spence;800;10000.0;Cazador
Ferran Torres;88;84;78;82;40;74;https://www.futbin.com/27/player/21746/ferran-torres-garcia;104000;;Cazador
Murillo;79;55;67;71;82;83;https://www.futbin.com/27/player/824/murillo-costa-dos-santos;1000;10000.0;Cazador
Maignan;83;86;81;89;64;84;https://www.futbin.com/27/player/455/mike-maignan;20000;60000.0;Básico
Richards;86;57;73;76;84;89;https://www.futbin.com/27/player/20953/micah-richards;21000;;Cazador
Bronze;73;70;82;82;86;88;https://www.futbin.com/27/player/22767/lucy-bronze;24250;250000.0;Cazador
Vialli;86;89;72;83;42;79;https://www.futbin.com/27/player/21573/vialli;160000;300000.0;Cazador
Šašic;82;89;76;84;49;85;https://www.futbin.com/27/player/21579/sasic;94000;130000.0;Cazador
Keßler;81;85;88;87;78;77;https://www.futbin.com/27/player/21591/keler;179000;400000.0;Cazador
Rui Costa;83;80;88;86;43;76;https://www.futbin.com/27/player/21652/cesar-costa;190000;600000.0;Cazador
Gyökeres;81;87;72;78;44;87;https://www.futbin.com/27/player/252/viktor-gyokeres;10750;400000.0;Cazador
Agüero;88;90;78;89;33;74;https://www.futbin.com/27/player/21803/aguero;3149000;5000000.0;Cazador
Reiten;86;80;85;85;79;69;https://www.futbin.com/27/player/696/guro-reiten;4500;20000.0;Cazador
Kohler;74;51;63;62;91;90;https://www.futbin.com/27/player/21582/kohler;164000;300000.0;Cazador
Kundananji;94;80;73;82;59;88;https://www.futbin.com/27/player/892/racheal-kundananji;2000;120000.0;Cazador
Rafael Leão;93;79;79;83;30;73;https://www.futbin.com/27/player/776/rafael-da-conceicao-leao;0;10000.0;Cazador
Palestra;90;65;69;80;70;81;https://www.futbin.com/27/player/1442/marco-palestra;950;10000.0;Cazador
David Raya;88;87;89;89;60;88;https://www.futbin.com/27/player/22762/david-raya-martin;320000;420000.0;Básico
Dos Santos;87;83;75;88;32;58;https://www.futbin.com/27/player/20955/giovani-dos-santos;830;;Cazador
Alisson;85;87;82;86;50;86;https://www.futbin.com/27/player/218/alisson-ramses-becker;47750;140000.0;Básico
Giuly;88;83;81;85;49;64;https://www.futbin.com/27/player/21675/giuly;247000;300000.0;Cazador
Víctor Muñoz;94;74;70;80;50;65;https://www.futbin.com/27/player/1186/victor-munoz-villanueva;850;10000.0;Cazador
Bronze;73;70;82;82;86;88;https://www.futbin.com/27/player/22766/lucy-bronze;54500;480000.0;Cazador
Araujo;79;54;64;59;78;81;https://www.futbin.com/27/player/413/ronald-araujo;1100;40000.0;Cazador
Mapi León;77;68;80;77;89;86;https://www.futbin.com/27/player/21/maria-pilar-leon-cebrian;9900;30000.0;Cazador
Solskjær;85;88;75;84;45;66;https://www.futbin.com/27/player/21698/solskjaer;147000;300000.0;Cazador
Zamorano;84;88;69;84;42;83;https://www.futbin.com/27/player/21618/zamorano;120000;300000.0;Cazador
Thuram;87;84;77;83;51;83;https://www.futbin.com/27/player/22768/marcus-thuram;129000;180000.0;Cazador
Guéhi;69;46;70;72;85;82;https://www.futbin.com/27/player/439/marc-guehi;2800;35000.0;Cazador
Amaiur Sarriegi;87;77;75;83;47;81;https://www.futbin.com/27/player/1018/amaiur-sarriegi-isasa;0;25000.0;Cazador
Irene Paredes;74;52;67;70;88;84;https://www.futbin.com/27/player/51/irene-paredes-hernandez;7000;100000.0;Cazador
Thuram;79;74;78;79;81;85;https://www.futbin.com/27/player/944/khephren-thuram;1400;10000.0;Cazador
Nakata;85;84;85;86;62;67;https://www.futbin.com/27/player/21632/nakata;122000;300000.0;Cazador
João Félix;81;81;79;84;45;71;https://www.futbin.com/27/player/570/joao-felix-sequeira;7800;40000.0;Cazador
Miedema;83;86;80;86;34;82;https://www.futbin.com/27/player/60/vivianne-miedema;6900;35000.0;Cazador
Cristiano Ronaldo;67;88;75;78;33;75;https://www.futbin.com/27/player/565/c-ronaldo-dos-santos-aveiro;1100;20000.0;Cazador
David Raya;;;;;;;https://www.futbin.com/27/player/22763/david-raya-martin;0;600000.0;Básico
David Raya;87;86;88;88;58;86;https://www.futbin.com/27/player/214/david-raya-martin;0;80000.0;Básico
Cascarino;91;75;78;88;49;67;https://www.futbin.com/27/player/742/delphine-cascarino;5000;35000.0;Cazador
Grimaldo;73;77;87;85;72;65;https://www.futbin.com/27/player/553/alejandro-grimaldo-garcia;2400;35000.0;Cazador
Harder;82;81;80;88;28;79;https://www.futbin.com/27/player/73/pernille-harder;6700;35000.0;Cazador
Anyomi;90;82;74;84;55;83;https://www.futbin.com/27/player/754/nicole-anyomi;6200;170000.0;Cazador
Hato;85;42;70;74;76;74;https://www.futbin.com/27/player/609/jorrel-hato;800;10000.0;Cazador
Rui Costa;83;80;88;86;43;76;https://www.futbin.com/27/player/21624/cesar-costa;360000;15000000.0;Cazador
Gabriel Martinelli;90;80;77;84;48;72;https://www.futbin.com/27/player/22781/gabriel-teodoro-martinelli-silva;34750;550000.0;Cazador
Corona;82;75;83;86;77;73;https://www.futbin.com/27/player/21761/corona;125000;;Cazador
Summerville;90;80;75;86;43;60;https://www.futbin.com/27/player/21750/crysencio-summerville;513;;Cazador
Safonov;83;78;81;87;52;85;https://www.futbin.com/27/player/22772/matvey-safonov;54500;200000.0;Básico
Lamine Yamal;87;85;88;94;40;63;https://www.futbin.com/27/player/22759/lamine-yamal-nasraoui-ebana;2689000;2700000.0;Cazador
Nmecha;83;78;78;84;82;88;https://www.futbin.com/27/player/324/felix-nmecha;0;50000.0;Cazador
Guti;77;82;88;85;63;73;https://www.futbin.com/27/player/21691/gutierrez-hernandez;167000;400000.0;Cazador
Asencio;84;43;61;72;77;79;https://www.futbin.com/27/player/1526/raul-asencio-del-rosario;750;10000.0;Cazador
Foden;77;82;82;88;57;53;https://www.futbin.com/27/player/437/phil-foden;900;20000.0;Cazador
Cucurella;75;64;79;78;84;78;https://www.futbin.com/27/player/550/marc-cucurella-saseta;4400;35000.0;Cazador
Katoto;84;84;77;82;39;75;https://www.futbin.com/27/player/625/marie-katoto;4300;20000.0;Cazador
McManaman;89;80;84;88;46;77;https://www.futbin.com/27/player/21625/mcmanaman;140000;400000.0;Cazador
Márquez;75;65;76;74;90;88;https://www.futbin.com/27/player/21587/marquez;149000;400000.0;Cazador
Mateo;87;85;80;85;56;77;https://www.futbin.com/27/player/627/clara-mateo;10000;35000.0;Cazador
Dimarco;81;78;85;81;80;74;https://www.futbin.com/27/player/458/federico-dimarco;4300;35000.0;Cazador
Engelhardt;84;60;72;71;80;84;https://www.futbin.com/27/player/22804/yannik-engelhardt;12500;80000.0;Cazador
Fernando Morientes;84;88;77;83;45;85;https://www.futbin.com/27/player/21665/morientes-sanchez;136000;500000.0;Cazador
Maradona;90;91;91;96;40;77;https://www.futbin.com/27/player/21487/maradona;8500000;14500000.0;Cazador
Makaay;84;90;75;83;30;75;https://www.futbin.com/27/player/21648/makaay;210000;300000.0;Cazador
Pablo Barrios;80;71;78;83;75;78;https://www.futbin.com/27/player/783/pablo-barrios-rivas;900;10000.0;Cazador
Brugts;87;73;79;81;80;74;https://www.futbin.com/27/player/515/esmee-brugts;0;20000.0;Cazador
Konsa;71;55;72;75;86;80;https://www.futbin.com/27/player/294/ezri-konsa;1100;10000.0;Cazador
Tiago Santos;87;61;77;81;78;70;https://www.futbin.com/27/player/22799/tiago-carvalho-santos;13500;60000.0;Cazador
Salgado;82;60;80;80;85;87;https://www.futbin.com/27/player/21664/michel-salgado;163000;300000.0;Cazador
Thuram;86;83;75;81;50;81;https://www.futbin.com/27/player/467/marcus-thuram;0;20000.0;Cazador
Martínez;83;81;82;85;50;85;https://www.futbin.com/27/player/213/emiliano-martinez;0;10000.0;Básico
